song,artist,videoId,audio,mv
Ain't In LA,ADELA,E2gPsY36uR0,E2gPsY36uR0,
Bloodstream,Alyssa Grace,CLSuAhT71yU,CLSuAhT71yU,
Petal,Ariana Grande,fuBMrVffb84,fuBMrVffb84,
Sue Me,Audrey Hobert,--CL5uH8-bg,--CL5uH8-bg,
Ghetto Love Story,BabyChiefDoit,cCQUHG-njCk,cCQUHG-njCk,
Chevy Silverado,Bailey Zimmerman,qoUlArtDCWc,qoUlArtDCWc,
WTF GOIN,Belly Gang Kushington & 21 Savage,YxyHh1llzH8,YxyHh1llzH8,
Morning Dew (Donk),Beyonce,KuzCFXwtGCA,KuzCFXwtGCA,
Bet On That,Blake Whiten,PG34Kn_ftpo,PG34Kn_ftpo,
AH HA,Cardi B,rUz4jNDHKu0,rUz4jNDHKu0,
Take Me Back (Leave Me There),Cody Johnson,uoKgr_oYHsA,uoKgr_oYHsA,
Empty Words,Corey Kent,31UwuvL9T5c,31UwuvL9T5c,
Raindance,Dave & Tems,1qmrq6I_jHI,1qmrq6I_jHI,
Freakin' Out,Dexter And The Moonrocks,7Exi4_Za-Qc,7Exi4_Za-Qc,
Here You Come Again,Dolly Parton,xwc4zbtFpHU,xwc4zbtFpHU,
I Will Always Love You,Dolly Parton,mzjBvR6tnWU,mzjBvR6tnWU,
National Treasures,Drake,pzaNexXFWpA,pzaNexXFWpA,
Shabang,Drake,fpr2AM8ziEs,fpr2AM8ziEs,
Ran To Atlanta,Drake Featuring Future & Molly Santana,JlfnEms4vRI,JlfnEms4vRI,
Bottom Of Your Boots,Ella Langley,J9H4PZHmceI,J9H4PZHmceI,
Loving Life Again,Ella Langley,jTXfSQeFWAk,jTXfSQeFWAk,
Noble,F3miii,4rDMvIZ4nWE,4rDMvIZ4nWE,
Rubberz,Fenix Flexin,A2xkp8KPEvw,A2xkp8KPEvw,
Hit The Wall,Gracie Abrams,NdmezP0JBqc,NdmezP0JBqc,
McArthur,"HARDY, Eric Church, Morgan Wallen & Tim McGraw",-H6wmHbwAnE,-H6wmHbwAnE,
Painted You Pretty,Hudson Westbrook,guqBECas1Cc,guqBECas1Cc,
Don't Tell On Me,Jason Aldean,MOWXJ3ocTDE,MOWXJ3ocTDE,
Hands Up,Jelly Roll,6DPkDnUL1so,6DPkDnUL1so,
Kid Myself,John Morgan,i5BcTWToS6w,i5BcTWToS6w,
In My Room,Julia Wolf,VWx9WoEYb5E,VWx9WoEYb5E,
Speed Demon,Justin Bieber,4BsBpOCaTrA,4BsBpOCaTrA,
Mexico Honey,Kacey Musgraves,GONDSIdib10,GONDSIdib10,
No Need For Leavin',Kameron Marlowe,1xfEyot7cLk,1xfEyot7cLk,
Woman,Kane Brown,cd08zn6uTy8,cd08zn6uTy8,
Matadora,Karol G,NlEReLYihAs,NlEReLYihAs,
Still,Karol G With Bruno Mars,kgK3iGwtqr4,kgK3iGwtqr4,
Ahi,Karol G With Drake,OlEHhsX3w0c,OlEHhsX3w0c,
BbY WOW,Karol G With Judeline & rusowsky,ljAH6jNaApU,ljAH6jNaApU,
Animal,KATSEYE,vOfyxPRunFM,vOfyxPRunFM,
Hootie Frutti,KATSEYE,kwH2nYwuFdA,kwH2nYwuFdA,
Carry On,Kenny Chesney,0R2pjKSDz3A,0R2pjKSDz3A,
Islands In The Stream,Kenny Rogers Duet With Dolly Parton,Cvq6lHDatNs,Cvq6lHDatNs,
"Phone, Keys, Wallet",Lainey Wilson & John Mayer,khQxvmRwcXY,khQxvmRwcXY,
All My Exes,Lauren Alaina Featuring Chase Matthew,Wo6TBi7DMQQ,Wo6TBi7DMQQ,
Rethink Some Things,Luke Combs,2hUrXdyUf5k,2hUrXdyUf5k,
Cinderella,Mac Miller Featuring Ty Dolla $ign,wbt_E7LNDaA,wbt_E7LNDaA,
String By,Mack Geiger,Y-_glJEOo6Q,Y-_glJEOo6Q,
Another Drink,Marshmello & Kelsea Ballerini,m2M5dCYEPmw,m2M5dCYEPmw,
Doors,Noah Kahan,DZyZsNl6Fec,DZyZsNl6Fec,
End Of August,Noah Kahan,bhupEBurUQI,bhupEBurUQI,
Orbiter,Noah Kahan,of6KPs4PTN0,of6KPs4PTN0,
Willing And Able,Noah Kahan,lRujFWpXglU,lRujFWpXglU,
Expectations,Olivia Rodrigo,ZYUql_ZPHrc,ZYUql_ZPHrc,
Honeybee,Olivia Rodrigo,XezOkkUM--w,XezOkkUM--w,
Maggots For Brains,Olivia Rodrigo,-h1ZefBxAek,-h1ZefBxAek,
The Cure,Olivia Rodrigo,cmzCwz4NkOA,cmzCwz4NkOA,
What's Wrong With Me,Olivia Rodrigo & Robert Smith,zT0a4u-cFlY,zT0a4u-cFlY,
Routine Rouge,PARTYNEXTDOOR,MseoMWNe-Ss,MseoMWNe-Ss,
Some Of Your Love,PARTYNEXTDOOR,6nK8bTXn5aM,6nK8bTXn5aM,
misery.,pupsies,qJKcADiAuAw,qJKcADiAuAw,
Think As You Drunk,Riley Green,G7xAVHkWaro,G7xAVHkWaro,
House Tour,Sabrina Carpenter,rt_z10mb_k0,rt_z10mb_k0,
Rein Me In,Sam Fender & Olivia Dean,NO3JTAsB4NI,NO3JTAsB4NI,
Cowgirl,Shaboozey,c4QuZZbg-Ms,c4QuZZbg-Ms,
Dai Dai (FIFA World Cup Official Song 2026),Shakira X Burna Boy,lFQdcPTTzSg,lFQdcPTTzSg,
Great Expectation,Sienna Spiro,_5-Dzam3jPU,_5-Dzam3jPU,
My Body Isn't Ready,sombr,eXw2R_CTlU8,eXw2R_CTlU8,
Something To Lose,Stella Lefty Featuring Vincent Mason,LXYsVStVen0,LXYsVStVen0,
Oh Yeah?,Steve Lacy,2zPGWGqdfJ8,,
The Feeling,Steve Lacy,5fg_aqJxtHU,5fg_aqJxtHU,
Mr. Know It All,Teddy Swims,YKBKWWpINSw,YKBKWWpINSw,
Self Aware,Temper City,R-hYM3BqTbA,R-hYM3BqTbA,
What You Need,Tems,UHV0ja0vhzU,UHV0ja0vhzU,
Sunburn,Tucker Wetmore,iL9rHWG7Gzo,iL9rHWG7Gzo,
Spend Dat,Yung Miami,lMp2a_G-mr4,lMp2a_G-mr4,
South Of Sanity,Zach Top,uQ--_SNaVfk,uQ--_SNaVfk,
